Review	Liked
Dirty tables and stale food Last night.	0
Amazing flavors, highly recommend Totally.	1
Great service and lovely ambience Will remember.	1
Amazing flavors, highly recommend My friends agree.	1
Wonderful experience, will come again Today.	1
The pizza was bland and overpriced Today.	0
Service was very slow and rude	0
The food was really good Overall.	1
Service was very slow and rude Overall.	0
Very clean place and nice food Last night.	1
The pizza was bland and overpriced	0
The food was bad and cold	0
Service was very slow and rude Last night.	0
Amazing flavors, highly recommend Today.	1
The dessert was fantastic My friends agree.	1
Fresh ingredients and tasty dishes Overall.	1
Waited an hour for our order Totally.	0
Worst restaurant I have visited My friends agree.	0
The staff were friendly and helpful Overall.	1
Great service and lovely ambience Totally.	1
Worst restaurant I have visited Will remember.	0
Worst restaurant I have visited Today.	0
The staff were friendly and helpful Totally.	1
The staff ignored us completely Will remember.	0
Loved the pasta, absolutely delicious Last night.	1
Loved the pasta, absolutely delicious Today.	1
Terrible experience, never coming back Today.	0
Very clean place and nice food Totally.	1
Awful taste, I was disappointed Overall.	0
Service was very slow and rude Totally.	0
Great service and lovely ambience Last night.	1
The pizza was bland and overpriced Will remember.	0
Wonderful experience, will come again Not sure.	1
Terrible experience, never coming back Last night.	0
Loved the pasta, absolutely delicious Honestly.	1
The pizza was bland and overpriced Not sure.	0
The dessert was fantastic Honestly.	1
Very clean place and nice food Today.	1
Amazing flavors, highly recommend Not sure.	1
Waited an hour for our order Will remember.	0
Very clean place and nice food Not sure.	1
Amazing flavors, highly recommend Honestly.	1
Terrible experience, never coming back Totally.	0
Terrible experience, never coming back Not sure.	0
Loved the pasta, absolutely delicious Totally.	1
Loved the pasta, absolutely delicious My friends agree.	1
Terrible experience, never coming back Will remember.	0
The food was bad and cold Honestly.	0
Fresh ingredients and tasty dishes Really.	1
The staff ignored us completely	0
Too salty and the portion was tiny Totally.	0
Very clean place and nice food	1
Fresh ingredients and tasty dishes Today.	1
Best biryani I have had in a long time Not sure.	1
Dirty tables and stale food Honestly.	0
The food was really good Really.	1
Loved the pasta, absolutely delicious	1
Too salty and the portion was tiny Really.	0
The staff ignored us completely Totally.	0
Fresh ingredients and tasty dishes	1
Worst restaurant I have visited Not sure.	0
Loved the pasta, absolutely delicious Really.	1
Worst restaurant I have visited Totally.	0
The dessert was fantastic Will remember.	1
Very clean place and nice food Will remember.	1
Best biryani I have had in a long time	1
The staff ignored us completely Honestly.	0
The food was bad and cold Overall.	0
Waited an hour for our order My friends agree.	0
Awful taste, I was disappointed Today.	0
Dirty tables and stale food Overall.	0
Best biryani I have had in a long time Totally.	1
Too salty and the portion was tiny Not sure.	0
Too salty and the portion was tiny Honestly.	0
Worst restaurant I have visited Really.	0
Fresh ingredients and tasty dishes Last night.	1
The food was bad and cold Last night.	0
Too salty and the portion was tiny	0
Great service and lovely ambience Today.	1
Wonderful experience, will come again Overall.	1
Awful taste, I was disappointed Last night.	0
Wonderful experience, will come again Honestly.	1
The food was bad and cold Not sure.	0
Service was very slow and rude Today.	0
Worst restaurant I have visited Overall.	0
Waited an hour for our order Not sure.	0
Service was very slow and rude Not sure.	0
Service was very slow and rude My friends agree.	0
Loved the pasta, absolutely delicious Not sure.	1
Best biryani I have had in a long time Overall.	1
The pizza was bland and overpriced Really.	0
The dessert was fantastic Overall.	1
Great service and lovely ambience Honestly.	1
Awful taste, I was disappointed Really.	0
The food was really good	1
The staff were friendly and helpful My friends agree.	1
The food was really good Will remember.	1
The staff were friendly and helpful	1
Amazing flavors, highly recommend Will remember.	1
The staff were friendly and helpful Not sure.	1
The dessert was fantastic	1
Wonderful experience, will come again Totally.	1
The dessert was fantastic Not sure.	1
Best biryani I have had in a long time Really.	1
Wonderful experience, will come again Last night.	1
Dirty tables and stale food	0
Best biryani I have had in a long time Today.	1
The dessert was fantastic Last night.	1
Waited an hour for our order Overall.	0
The food was really good Not sure.	1
Great service and lovely ambience Not sure.	1
Dirty tables and stale food Today.	0
Fresh ingredients and tasty dishes Honestly.	1
Waited an hour for our order Honestly.	0
The pizza was bland and overpriced Totally.	0
The staff were friendly and helpful Today.	1
The food was really good Totally.	1
Great service and lovely ambience My friends agree.	1
Service was very slow and rude Will remember.	0
Fresh ingredients and tasty dishes Totally.	1
The food was really good Last night.	1
The food was bad and cold Totally.	0
Wonderful experience, will come again Will remember.	1
Great service and lovely ambience Really.	1
Amazing flavors, highly recommend Really.	1
Very clean place and nice food Really.	1
Dirty tables and stale food My friends agree.	0
Terrible experience, never coming back Honestly.	0
Awful taste, I was disappointed My friends agree.	0
The staff were friendly and helpful Really.	1
The dessert was fantastic Totally.	1
The staff ignored us completely Today.	0
Fresh ingredients and tasty dishes Will remember.	1
Loved the pasta, absolutely delicious Overall.	1
Very clean place and nice food Honestly.	1
Wonderful experience, will come again Really.	1
The dessert was fantastic Really.	1
Awful taste, I was disappointed Will remember.	0
Very clean place and nice food Overall.	1
The staff ignored us completely Not sure.	0
The food was bad and cold Will remember.	0
The pizza was bland and overpriced Overall.	0
Very clean place and nice food My friends agree.	1
Best biryani I have had in a long time Last night.	1
Terrible experience, never coming back My friends agree.	0
The food was bad and cold Today.	0
Awful taste, I was disappointed Not sure.	0
Service was very slow and rude Really.	0
Too salty and the portion was tiny Overall.	0
Fresh ingredients and tasty dishes Not sure.	1
Terrible experience, never coming back Overall.	0
Too salty and the portion was tiny My friends agree.	0
The food was really good My friends agree.	1
Loved the pasta, absolutely delicious Will remember.	1
Best biryani I have had in a long time Honestly.	1
The staff were friendly and helpful Will remember.	1
Service was very slow and rude Honestly.	0
Waited an hour for our order Today.	0
The staff ignored us completely Last night.	0
The food was bad and cold My friends agree.	0
The staff ignored us completely Really.	0
Dirty tables and stale food Totally.	0
The staff ignored us completely My friends agree.	0
Amazing flavors, highly recommend Last night.	1
The food was really good Today.	1
The dessert was fantastic Today.	1
Great service and lovely ambience	1
Worst restaurant I have visited Last night.	0
Wonderful experience, will come again	1
Worst restaurant I have visited	0
Too salty and the portion was tiny Last night.	0
Best biryani I have had in a long time My friends agree.	1
The pizza was bland and overpriced Honestly.	0
The staff ignored us completely Overall.	0
Awful taste, I was disappointed Totally.	0
Too salty and the portion was tiny Will remember.	0
The staff were friendly and helpful Last night.	1
Awful taste, I was disappointed Honestly.	0
The food was bad and cold Really.	0
Worst restaurant I have visited Honestly.	0
Waited an hour for our order	0
The pizza was bland and overpriced Last night.	0
Too salty and the portion was tiny Today.	0
Wonderful experience, will come again My friends agree.	1
Fresh ingredients and tasty dishes My friends agree.	1
Waited an hour for our order Really.	0
Amazing flavors, highly recommend Overall.	1
Terrible experience, never coming back	0
The food was really good Honestly.	1
Dirty tables and stale food Not sure.	0
Great service and lovely ambience Overall.	1
Waited an hour for our order Last night.	0
Awful taste, I was disappointed	0
Terrible experience, never coming back Really.	0
Dirty tables and stale food Will remember.	0
Best biryani I have had in a long time Will remember.	1
The staff were friendly and helpful Honestly.	1
The pizza was bland and overpriced My friends agree.	0
Dirty tables and stale food Really.	0
Amazing flavors, highly recommend	1
