Category,Message
spam,"Get cheap loans instantly, no documents needed, apply now Hurry up"
spam,"Free entry in a weekly contest, text WIN to 80086 now Hurry up"
spam,"URGENT! Your mobile number has won 2000 pounds cash, claim today Offer valid till Friday"
spam,"Free entry in a weekly contest, text WIN to 80086 now Reply now"
spam,"Your bank account is blocked, verify your details at this link now Hurry up"
spam,"URGENT! Your mobile number has won 2000 pounds cash, claim today Hurry up"
spam,"WINNER!! You have won a free prize, call now to claim Offer valid till Friday"
ham,Let's go for a movie this weekend ok
ham,Let's go for a movie this weekend bye
ham,"Hey, are we meeting for lunch today? bye"
spam,"Congratulations! You are selected for a free holiday, reply YES Offer valid till Friday"
ham,"I will reach home by 8, keep dinner ready thanks"
ham,"Hey, are we meeting for lunch today? see you"
spam,"Last chance! Limited offer, buy one get one free today only Offer valid till Friday"
ham,Did you finish the lab record?
spam,"WINNER!! You have won a free prize, call now to claim Reply now"
spam,"Your bank account is blocked, verify your details at this link now Reply now"
ham,Mom said to buy vegetables on the way back see you
ham,The meeting is moved to 3 pm tomorrow thanks
ham,Can you call me when you are free? ok
spam,"Congratulations! You are selected for a free holiday, reply YES Terms apply"
spam,"Free entry in a weekly contest, text WIN to 80086 now Offer valid till Friday"
spam,"Get cheap loans instantly, no documents needed, apply now Terms apply"
spam,"URGENT! Your mobile number has won 2000 pounds cash, claim today"
ham,Please send me the notes from yesterday's class bye
spam,"You have been awarded a 500 gift voucher, click the link to claim"
spam,"Get cheap loans instantly, no documents needed, apply now Reply now"
spam,"Claim your free ringtone now, text STOP to cancel Terms apply"
ham,Did you finish the lab record? thanks
spam,"Hot singles in your area, call this number for free chat Reply now"
ham,Let's go for a movie this weekend thanks
ham,Did you finish the lab record? ok
spam,"Last chance! Limited offer, buy one get one free today only Hurry up"
ham,Thanks for helping me with the assignment bye
ham,Mom said to buy vegetables on the way back ok
spam,"Claim your free ringtone now, text STOP to cancel Hurry up"
spam,"You have been awarded a 500 gift voucher, click the link to claim Terms apply"
ham,Mom said to buy vegetables on the way back thanks
spam,"Last chance! Limited offer, buy one get one free today only Terms apply"
spam,"URGENT! Your mobile number has won 2000 pounds cash, claim today Terms apply"
ham,Did you finish the lab record? bye
ham,Happy birthday! Have a great day ahead
spam,"WINNER!! You have won a free prize, call now to claim Terms apply"
spam,"Get cheap loans instantly, no documents needed, apply now"
spam,"Congratulations! You are selected for a free holiday, reply YES"
spam,"Get cheap loans instantly, no documents needed, apply now Offer valid till Friday"
spam,"You have been awarded a 500 gift voucher, click the link to claim Offer valid till Friday"
ham,The meeting is moved to 3 pm tomorrow ok
ham,Please send me the notes from yesterday's class see you
ham,Can you call me when you are free? see you
ham,Happy birthday! Have a great day ahead thanks
ham,"Hey, are we meeting for lunch today?"
ham,Can you call me when you are free? bye
spam,"Claim your free ringtone now, text STOP to cancel"
ham,Thanks for helping me with the assignment thanks
spam,"Your bank account is blocked, verify your details at this link now Offer valid till Friday"
ham,Thanks for helping me with the assignment ok
spam,"WINNER!! You have won a free prize, call now to claim"
ham,Happy birthday! Have a great day ahead see you
spam,"Hot singles in your area, call this number for free chat"
ham,Please send me the notes from yesterday's class thanks
ham,Let's go for a movie this weekend see you
spam,"WINNER!! You have won a free prize, call now to claim Hurry up"
ham,Thanks for helping me with the assignment
ham,Please send me the notes from yesterday's class ok
ham,Let's go for a movie this weekend
spam,"Claim your free ringtone now, text STOP to cancel Offer valid till Friday"
spam,"Last chance! Limited offer, buy one get one free today only"
ham,Please send me the notes from yesterday's class
ham,Mom said to buy vegetables on the way back bye
ham,The meeting is moved to 3 pm tomorrow
ham,Happy birthday! Have a great day ahead ok
ham,"I will reach home by 8, keep dinner ready"
spam,"Last chance! Limited offer, buy one get one free today only Reply now"
spam,"Free entry in a weekly contest, text WIN to 80086 now Terms apply"
ham,Did you finish the lab record? see you
spam,"Hot singles in your area, call this number for free chat Terms apply"
spam,"Congratulations! You are selected for a free holiday, reply YES Hurry up"
ham,The meeting is moved to 3 pm tomorrow see you
ham,Can you call me when you are free? thanks
spam,"You have been awarded a 500 gift voucher, click the link to claim Reply now"
ham,The meeting is moved to 3 pm tomorrow bye
spam,"URGENT! Your mobile number has won 2000 pounds cash, claim today Reply now"
ham,Mom said to buy vegetables on the way back
spam,"Hot singles in your area, call this number for free chat Offer valid till Friday"
spam,"Congratulations! You are selected for a free holiday, reply YES Reply now"
ham,"I will reach home by 8, keep dinner ready bye"
spam,"Claim your free ringtone now, text STOP to cancel Reply now"
ham,Happy birthday! Have a great day ahead bye
spam,"Your bank account is blocked, verify your details at this link now"
ham,"I will reach home by 8, keep dinner ready ok"
spam,"Hot singles in your area, call this number for free chat Hurry up"
ham,"Hey, are we meeting for lunch today? ok"
ham,"I will reach home by 8, keep dinner ready see you"
ham,Can you call me when you are free?
spam,"You have been awarded a 500 gift voucher, click the link to claim Hurry up"
spam,"Free entry in a weekly contest, text WIN to 80086 now"
ham,"Hey, are we meeting for lunch today? thanks"
ham,Thanks for helping me with the assignment see you
spam,"Your bank account is blocked, verify your details at this link now Terms apply"
