total_bill,tip
20.63,2.14
20.49,1.77
26.47,3.71
13.29,3.34
20.82,3.25
17.74,2.85
11.92,1.71
13.68,2.83
17.84,1.0
11.62,2.29
17.57,2.69
31.1,2.64
3.03,3.38
16.04,1.12
19.4,1.76
16.47,1.35
9.59,2.97
41.5,4.16
23.82,3.95
6.83,2.17
18.45,3.0
12.27,1.0
10.59,1.35
18.33,4.41
13.51,1.0
26.31,2.7
11.38,1.88
13.54,3.06
9.83,2.13
17.33,3.38
14.94,1.33
19.94,3.84
9.62,2.43
13.8,1.0
24.85,4.92
19.77,5.17
15.07,1.64
24.77,3.43
26.36,4.93
7.62,1.0
13.95,1.0
19.21,1.52
9.12,1.24
24.0,2.72
17.49,3.26
21.83,3.35
19.79,1.63
15.37,3.0
4.43,3.22
17.78,3.88
20.51,3.94
25.98,3.52
23.89,4.27
20.99,2.03
7.46,2.4
16.56,2.47
18.77,3.91
25.87,3.95
17.62,1.57
21.84,3.21
23.85,4.5
7.41,1.0
23.34,2.67
10.25,1.16
23.05,1.71
13.51,3.21
22.47,4.46
19.99,3.7
11.21,2.26
10.55,1.9
9.52,2.09
33.2,3.49
17.04,3.5
14.13,3.36
21.4,3.97
9.32,1.3
12.91,2.27
10.86,1.82
35.49,6.24
18.91,2.97
17.49,1.0
15.55,2.85
19.56,4.74
23.83,3.97
19.36,3.72
16.44,2.58
18.45,1.0
19.03,1.0
25.62,2.22
9.25,1.7
31.4,4.35
18.92,3.48
50.0,5.56
9.44,2.8
18.26,2.45
18.99,2.09
30.26,4.78
3.03,1.0
6.97,1.0
18.98,1.74
9.86,1.98
41.16,1.94
20.89,2.63
17.3,2.3
38.88,3.36
15.08,1.0
12.51,1.69
13.1,1.66
9.26,3.09
15.79,2.85
17.99,1.12
24.78,2.52
16.35,3.24
13.36,4.13
22.34,3.52
11.85,2.4
21.18,4.88
5.27,1.4
19.82,2.57
24.97,1.98
9.51,1.34
16.01,4.68
7.03,1.0
12.83,2.19
23.36,1.83
20.44,3.07
16.99,3.49
11.85,1.84
13.77,3.01
18.17,3.44
15.61,2.91
23.37,4.95
10.07,2.69
8.23,1.42
17.03,1.92
10.77,1.13
20.51,3.43
50.0,5.58
11.96,4.83
17.16,4.46
23.44,3.03
13.92,1.96
22.01,4.79
21.53,1.17
12.33,1.68
15.64,3.41
27.57,2.74
25.1,2.93
19.85,2.53
23.87,3.95
14.98,2.54
16.18,2.92
12.15,2.71
15.12,2.44
17.5,3.76
27.0,2.87
32.93,2.76
11.44,1.0
16.53,1.0
17.2,2.07
32.35,5.17
12.55,2.33
14.41,1.74
9.99,1.0
15.94,1.97
26.85,3.18
17.64,2.1
8.37,1.0
17.24,2.15
35.12,5.43
19.83,1.0
23.08,2.97
13.59,1.0
23.3,3.41
11.54,1.31
26.23,1.44
6.67,1.67
21.32,4.85
14.77,2.49
9.89,3.05
13.62,2.19
27.61,1.5
17.06,3.1
29.81,3.46
8.99,1.0
24.7,4.15
6.69,1.86
31.6,3.53
9.1,2.68
27.76,2.8
22.55,3.8
34.02,3.36
27.44,4.18
15.96,1.4
29.2,5.31
11.81,2.34
24.97,4.83
15.38,1.62
6.62,1.09
19.59,3.7
24.67,1.0
13.18,1.15
22.78,4.21
20.94,3.46
10.23,2.9
24.93,3.08
14.85,2.95
28.16,2.99
12.02,1.0
18.56,1.06
18.0,2.15
23.32,2.68
14.67,1.74
12.76,1.0
21.37,1.04
13.51,1.72
19.05,3.09
12.34,1.56
17.92,1.82
9.5,1.0
12.32,4.15
32.14,3.01
20.75,4.66
17.97,4.26
42.86,5.46
15.2,1.85
13.68,2.4
15.97,1.34
38.43,5.0
31.91,4.09
18.18,3.25
24.37,4.29
19.87,4.62
15.58,2.07
18.77,3.82
10.96,1.2
7.42,1.0
23.41,2.62
20.07,1.93
12.39,3.12
22.26,4.05
21.11,4.28
16.73,2.55
30.76,4.25
